{"focal_y": 0.9727365374565125, "poses": [[[0.894427190999916, 0.0, 0.4472135954999579, 1.0], [0.0, 1.0, 0.0, 0.0], [-0.447213595499958, 0.0, 0.8944271909999159, 2.0], [0.0, 0.0, 0.0, 1.0]], [[0.9050772431522902, -0.06504413590749145, 0.4202433156064446, 0.9396926207859084], [0.0, 0.9882329909044211, 0.15295605803008325, 0.3420201433256687], [-0.4252472033157303, -0.13843704732530945, 0.8944271909999159, 2.0], [0.0, 0.0, 0.0, 1.0]], [[0.9338431841448409, -0.10282066747270127, 0.34258548972000114, 0.766044443118978], [0.0, 0.9577916358826135, 0.2874633580707408, 0.6427876096865393], [-0.3576826909793439, -0.26844569762574916, 0.8944271909999159, 2.0], [0.0, 0.0, 0.0, 1.0]], [[0.9701425001453319, -0.09393364366277243, 0.22360679774997902, 0.5000000000000001], [0.0, 0.9219544457292888, 0.38729833462074165, 0.8660254037844386], [-0.24253562503633302, -0.37573457465108967, 0.8944271909999159, 2.0], [0.0, 0.0, 0.0, 1.0]], [[0.9962519662333071, -0.03809569338994158, 0.07765782588644345, 0.17364817766693041], [0.0, 0.8977921462796438, 0.4404194161008241, 0.984807753012208], [-0.08649866921675503, -0.43876870925777106, 0.8944271909999159, 2.0], [0.0, 0.0, 0.0, 1.0]], [[0.9962519662333071, 0.03809569338994155, -0.07765782588644339, -0.1736481776669303], [0.0, 0.8977921462796438, 0.4404194161008241, 0.984807753012208], [0.08649866921675498, -0.43876870925777106, 0.8944271909999159, 2.0], [0.0, 0.0, 0.0, 1.0]], [[0.970142500145332, 0.09393364366277238, -0.22360679774997885, -0.4999999999999998], [0.0, 0.9219544457292888, 0.3872983346207417, 0.8660254037844387], [0.24253562503633286, -0.3757345746510897, 0.8944271909999159, 2.0], [0.0, 0.0, 0.0, 1.0]], [[0.9338431841448409, 0.1028206674727013, -0.3425854897200011, -0.7660444431189779], [0.0, 0.9577916358826135, 0.2874633580707409, 0.6427876096865395], [0.35768269097934385, -0.26844569762574927, 0.8944271909999159, 2.0], [0.0, 0.0, 0.0, 1.0]], [[0.9050772431522902, 0.06504413590749147, -0.42024331560644457, -0.9396926207859083], [0.0, 0.9882329909044211, 0.1529560580300833, 0.3420201433256689], [0.42524720331573024, -0.1384370473253095, 0.8944271909999159, 2.0], [0.0, 0.0, 0.0, 1.0]], [[0.894427190999916, 2.4492935982947065e-17, -0.4472135954999579, -1.0], [0.0, 1.0, 5.476786982642026e-17, 1.2246467991473532e-16], [0.447213595499958, -4.898587196589413e-17, 0.8944271909999159, 2.0], [0.0, 0.0, 0.0, 1.0]]], "dependencies": [null, [0], [1], [2], [3], [4], [5], [6], [7], [8]], "generation_order": [1, 2, 3, 4, 5, 6, 7, 8, 9]}