{"focal_y": 0.9727365374565125, "poses": [[[1.0, 0, 0.0, 0.0], [0, 1, 0, 0], [-0.0, 0, 1.0, 2.0], [0, 0, 0, 1]], [[0.984807753012208, 0, 0.17364817766693033, 0.34729635533386066], [0, 1, 0, 0], [-0.17364817766693033, 0, 0.984807753012208, 1.969615506024416], [0, 0, 0, 1]], [[0.9396926207859084, 0, 0.3420201433256687, 0.6840402866513374], [0, 1, 0, 0], [-0.3420201433256687, 0, 0.9396926207859084, 1.8793852415718169], [0, 0, 0, 1]], [[0.8660254037844387, 0, 0.49999999999999994, 0.9999999999999999], [0, 1, 0, 0], [-0.49999999999999994, 0, 0.8660254037844387, 1.7320508075688774], [0, 0, 0, 1]], [[0.766044443118978, 0, 0.6427876096865393, 1.2855752193730785], [0, 1, 0, 0], [-0.6427876096865393, 0, 0.766044443118978, 1.532088886237956], [0, 0, 0, 1]], [[0.6427876096865394, 0, 0.766044443118978, 1.532088886237956], [0, 1, 0, 0], [-0.766044443118978, 0, 0.6427876096865394, 1.2855752193730787], [0, 0, 0, 1]], [[0.5000000000000001, 0, 0.8660254037844386, 1.7320508075688772], [0, 1, 0, 0], [-0.8660254037844386, 0, 0.5000000000000001, 1.0000000000000002], [0, 0, 0, 1]], [[0.3420201433256688, 0, 0.9396926207859083, 1.8793852415718166], [0, 1, 0, 0], [-0.9396926207859083, 0, 0.3420201433256688, 0.6840402866513376], [0, 0, 0, 1]], [[0.17364817766693041, 0, 0.984807753012208, 1.969615506024416], [0, 1, 0, 0], [-0.984807753012208, 0, 0.17364817766693041, 0.34729635533386083], [0, 0, 0, 1]], [[6.123233995736766e-17, 0, 1.0, 2.0], [0, 1, 0, 0], [-1.0, 0, 6.123233995736766e-17, 1.2246467991473532e-16], [0, 0, 0, 1]]], "dependencies": [null, [0], [1], [2], [3], [4], [5], [6], [7], [8]], "generation_order": [1, 2, 3, 4, 5, 6, 7, 8, 9]}