{"focal_y": 0.9727365374565125, "poses": [[[1.0, 0.0, 0.0, 0.0], [0.0, 1.0, 0.0, 0.0], [0.0, 0.0, 1.0, 2.0], [0.0, 0.0, 0.0, 1.0]], [[0.988302081193091, 0.0, 0.15250900402731948, 0.29389262614623657], [0.0, 1.0, 0.0, 0.0], [-0.1525090040273195, 0.0, 0.9883020811930909, 1.9045084971874737], [0.0, 0.0, 0.0, 1.0]], [[0.9610913494633693, 0.0, 0.2762307332406731, 0.47552825814757677], [0.0, 1.0, 0.0, 0.0], [-0.2762307332406731, 0.0, 0.9610913494633693, 1.6545084971874737], [0.0, 0.0, 0.0, 1.0]], [[0.9428475357385455, 0.0, 0.333224435406157, 0.4755282581475768], [0.0, 1.0, 0.0, 0.0], [-0.333224435406157, 0.0, 0.9428475357385455, 1.3454915028125263], [0.0, 0.0, 0.0, 1.0]], [[0.965847190313178, 0.0, 0.2591123404319829, 0.2938926261462366], [0.0, 1.0, 0.0, 0.0], [-0.25911234043198295, 0.0, 0.9658471903131779, 1.0954915028125263], [0.0, 0.0, 0.0, 1.0]], [[1.0, 0.0, 6.123233995736766e-17, 6.123233995736766e-17], [0.0, 1.0, 0.0, 0.0], [-6.123233995736766e-17, 0.0, 1.0, 1.0], [0.0, 0.0, 0.0, 1.0]], [[0.965847190313178, 0.0, -0.2591123404319828, -0.2938926261462365], [0.0, 0.9999999999999999, 0.0, 0.0], [0.25911234043198283, 0.0, 0.9658471903131779, 1.0954915028125263], [0.0, 0.0, 0.0, 1.0]], [[0.9428475357385455, 0.0, -0.3332244354061569, -0.47552825814757677], [0.0, 1.0, 0.0, 0.0], [0.3332244354061569, 0.0, 0.9428475357385455, 1.3454915028125263], [0.0, 0.0, 0.0, 1.0]], [[0.9610913494633693, 0.0, -0.2762307332406731, -0.4755282581475768], [0.0, 1.0, 0.0, 0.0], [0.2762307332406731, 0.0, 0.9610913494633693, 1.6545084971874737], [0.0, 0.0, 0.0, 1.0]], [[0.988302081193091, 0.0, -0.15250900402731954, -0.2938926261462367], [0.0, 1.0, 0.0, 0.0], [0.15250900402731957, 0.0, 0.9883020811930909, 1.9045084971874737], [0.0, 0.0, 0.0, 1.0]]], "dependencies": [null, [0], [1], [2], [3], [4], [5], [6], [7], [8]], "generation_order": [1, 2, 3, 4, 5, 6, 7, 8, 9]}