{"focal_y": 0.9122679829597473, "poses": [[[0.9806836843490601, -0.012975681573152542, 0.1951695829629898, -0.166767880320549], [0.19533415138721466, 0.012919843196868896, -0.9806516766548157, 0.0067337737418711185], [0.010203062556684017, 0.9998323321342468, 0.01520487293601036, -0.012194186449050903], [0.0, 0.0, 0.0, 1.0]], [[0.9653068780899048, -0.017790984362363815, 0.2605110704898834, -0.21061882376670837], [0.2607508897781372, 0.012800434604287148, -0.9653213024139404, 0.046553317457437515], [0.013839359395205975, 0.9997597932815552, 0.016995364800095558, -0.024328630417585373], [0.0, 0.0, 0.0, 1.0]], [[0.9459585547447205, -0.020273074507713318, 0.32365334033966064, -0.2780212163925171], [0.32392001152038574, 0.011560107581317425, -0.9460138082504272, 0.13061153888702393], [0.015437141992151737, 0.9997276067733765, 0.017502237111330032, -0.04754985496401787], [0.0, 0.0, 0.0, 1.0]], [[0.9231343865394592, -0.02095841057598591, 0.38390567898750305, -0.36645936965942383], [0.3841879367828369, 0.011548140086233616, -0.9231827259063721, 0.2340417057275772], [0.014915045350790024, 0.999713659286499, 0.018712453544139862, -0.07580694556236267], [0.0, 0.0, 0.0, 1.0]], [[0.895661473274231, -0.020700471475720406, 0.44425445795059204, -0.47057682275772095], [0.44459205865859985, 0.016219396144151688, -0.8955863118171692, 0.38110044598579407], [0.011333520524203777, 0.9996541142463684, 0.023730352520942688, -0.08976933360099792], [0.0, 0.0, 0.0, 1.0]], [[0.860665500164032, -0.02427508309483528, 0.5085917711257935, -0.5874773263931274], [0.5090678930282593, 0.020944999530911446, -0.8604714870452881, 0.5840625762939453], [0.010235561989247799, 0.9994858503341675, 0.030384304001927376, -0.09641701728105545], [0.0, 0.0, 0.0, 1.0]], [[0.8229072690010071, -0.026954326778650284, 0.5675359964370728, -0.7284408807754517], [0.5681224465370178, 0.025357980281114578, -0.822553277015686, 0.774667501449585], [0.007779801730066538, 0.9993150234222412, 0.03618062287569046, -0.10936304181814194], [0.0, 0.0, 0.0, 1.0]], [[0.788748025894165, -0.03021003119647503, 0.61397385597229, -0.9007956981658936], [0.614683210849762, 0.028345298022031784, -0.7882646322250366, 0.9201368093490601], [0.006410225760191679, 0.9991415739059448, 0.04092689976096153, -0.13270947337150574], [0.0, 0.0, 0.0, 1.0]], [[0.7565411329269409, -0.037124086171388626, 0.6528915166854858, -1.0972315073013306], [0.6539173126220703, 0.03358075022697449, -0.7558203339576721, 1.069696307182312], [0.006134554278105497, 0.9987462759017944, 0.04968130216002464, -0.14155642688274384], [0.0, 0.0, 0.0, 1.0]], [[0.7242738604545593, -0.04490843415260315, 0.6880484819412231, -1.29483962059021], [0.6894816756248474, 0.03774324059486389, -0.7233190536499023, 1.2322192192077637], [0.006513949017971754, 0.9982778429985046, 0.05829998105764389, -0.14780519902706146], [0.0, 0.0, 0.0, 1.0]], [[0.6922082304954529, -0.050052981823682785, 0.71996009349823, -1.485450029373169], [0.7216697335243225, 0.0392003171145916, -0.6911267042160034, 1.3964805603027344], [0.006370288319885731, 0.9979769587516785, 0.06325650215148926, -0.16019366681575775], [0.0, 0.0, 0.0, 1.0]], [[0.6675670146942139, -0.05530354008078575, 0.7424929141998291, -1.7182526588439941], [0.7445067763328552, 0.0388694666326046, -0.6664824485778809, 1.544833779335022], [0.007998530752956867, 0.9977127313613892, 0.06712183356285095, -0.16210520267486572], [0.0, 0.0, 0.0, 1.0]], [[0.6463382244110107, -0.058759983628988266, 0.7607851624488831, -1.960675835609436], [0.7629696130752563, 0.03520413488149643, -0.6454750299453735, 1.6892714500427246], [0.011145317927002907, 0.997651219367981, 0.06758586317300797, -0.15830537676811218], [0.0, 0.0, 0.0, 1.0]], [[0.6244494915008545, -0.06002219021320343, 0.7787555456161499, -2.1974904537200928], [0.7809293270111084, 0.029382286593317986, -0.6239279508590698, 1.8419163227081299], [0.014567902311682701, 0.9977644681930542, 0.06522084027528763, -0.1542513370513916], [0.0, 0.0, 0.0, 1.0]], [[0.6022801995277405, -0.060524120926856995, 0.795987069606781, -2.426520347595215], [0.798066258430481, 0.022322921082377434, -0.6021560430526733, 1.9952495098114014], [0.018676208332180977, 0.9979170560836792, 0.06174691021442413, -0.14999085664749146], [0.0, 0.0, 0.0, 1.0]], [[0.5880667567253113, -0.06086443364620209, 0.806519091129303, -2.685040235519409], [0.8084658980369568, 0.015049047768115997, -0.5883505940437317, 2.125666618347168], [0.023672282695770264, 0.9980326294898987, 0.05805666372179985, -0.1456386148929596], [0.0, 0.0, 0.0, 1.0]], [[0.5773146748542786, -0.06036590412259102, 0.8142872452735901, -2.945150375366211], [0.816041886806488, 0.008471041917800903, -0.5779306888580322, 2.2504751682281494], [0.027989447116851807, 0.9981403350830078, 0.054151564836502075, -0.1412326544523239], [0.0, 0.0, 0.0, 1.0]], [[0.5661844611167908, -0.05839800089597702, 0.8222072720527649, -3.193953275680542], [0.8237541913986206, 0.004514886531978846, -0.5669291019439697, 2.382040023803711], [0.02939535304903984, 0.9982832074165344, 0.050661858171224594, -0.13668949902057648], [0.0, 0.0, 0.0, 1.0]], [[0.5541161894798279, -0.05780009180307388, 0.830430269241333, -3.428090810775757], [0.8318540453910828, 0.001044561853632331, -0.5549934506416321, 2.5099148750305176], [0.031211238354444504, 0.9983276724815369, 0.048660047352313995, -0.13825471699237823], [0.0, 0.0, 0.0, 1.0]], [[0.5521539449691772, -0.05465635657310486, 0.8319487571716309, -3.675405740737915], [0.8331575393676758, -0.0011918001109734178, -0.5530345439910889, 2.6056714057922363], [0.03121836669743061, 0.9985045194625854, 0.04487929865717888, -0.15365415811538696], [0.0, 0.0, 0.0, 1.0]], [[0.5550457239151001, -0.05532289296388626, 0.8299780488014221, -3.9111204147338867], [0.8313406109809875, 0.0030316407792270184, -0.5557549595832825, 2.693560838699341], [0.02822977304458618, 0.9984638690948486, 0.04767486825585365, -0.15731482207775116], [0.0, 0.0, 0.0, 1.0]]], "dependencies": [null, [0], [1], [2], [3], [4], [5], [6], [7], [8], [9], [10], [11], [12], [13], [14], [15], [16], [17], [18], [19]], "generation_order": [1, 2, 3, 4, 5, 6, 7, 8, 9, 10, 11, 12, 13, 14, 15, 16, 17, 18, 19, 20]}